"currency","price","date"
"XRP",0,"2015-01-01T23:00:00.000Z"
"XRP",0,"2015-01-02T23:00:00.000Z"
"XRP",0,"2015-01-03T23:00:00.000Z"
"XRP",0,"2015-01-04T23:00:00.000Z"
"XRP",0,"2015-01-05T23:00:00.000Z"
"XRP",0,"2015-01-06T23:00:00.000Z"
"XRP",0,"2015-01-07T23:00:00.000Z"
"XRP",0,"2015-01-08T23:00:00.000Z"
"XRP",0,"2015-01-09T23:00:00.000Z"
"XRP",0,"2015-01-10T23:00:00.000Z"
"XRP",0,"2015-01-11T23:00:00.000Z"
"XRP",0,"2015-01-12T23:00:00.000Z"
"XRP",0,"2015-01-13T23:00:00.000Z"
"XRP",0,"2015-01-14T23:00:00.000Z"
"XRP",0,"2015-01-15T23:00:00.000Z"
"XRP",0,"2015-01-16T23:00:00.000Z"
"XRP",0,"2015-01-17T23:00:00.000Z"
"XRP",0,"2015-01-18T23:00:00.000Z"
"XRP",0,"2015-01-19T23:00:00.000Z"
"XRP",0,"2015-01-20T23:00:00.000Z"
"XRP",0,"2015-01-21T23:00:00.000Z"
"XRP",0,"2015-01-22T23:00:00.000Z"
"XRP",0,"2015-01-23T23:00:00.000Z"
"XRP",0,"2015-01-24T23:00:00.000Z"
"XRP",0,"2015-01-25T23:00:00.000Z"
"XRP",0,"2015-01-26T23:00:00.000Z"
"XRP",0,"2015-01-27T23:00:00.000Z"
"XRP",0,"2015-01-28T23:00:00.000Z"
"XRP",0,"2015-01-29T23:00:00.000Z"
"XRP",0.0143,"2015-01-30T23:00:00.000Z"
"XRP",0.01463,"2015-01-31T23:00:00.000Z"
"XRP",0.01393,"2015-02-01T23:00:00.000Z"
"XRP",0.0139,"2015-02-02T23:00:00.000Z"
"XRP",0.01374,"2015-02-03T23:00:00.000Z"
"XRP",0.0132,"2015-02-04T23:00:00.000Z"
"XRP",0.01351,"2015-02-05T23:00:00.000Z"
"XRP",0.01523,"2015-02-06T23:00:00.000Z"
"XRP",0.01436,"2015-02-07T23:00:00.000Z"
"XRP",0.01474,"2015-02-08T23:00:00.000Z"
"XRP",0.01442,"2015-02-09T23:00:00.000Z"
"XRP",0.01384,"2015-02-10T23:00:00.000Z"
"XRP",0.01351,"2015-02-11T23:00:00.000Z"
"XRP",0.0137,"2015-02-12T23:00:00.000Z"
"XRP",0.01403,"2015-02-13T23:00:00.000Z"
"XRP",0.01473,"2015-02-14T23:00:00.000Z"
"XRP",0.01489,"2015-02-15T23:00:00.000Z"
"XRP",0.01361,"2015-02-16T23:00:00.000Z"
"XRP",0.01374,"2015-02-17T23:00:00.000Z"
"XRP",0.01386,"2015-02-18T23:00:00.000Z"
"XRP",0.01372,"2015-02-19T23:00:00.000Z"
"XRP",0.014,"2015-02-20T23:00:00.000Z"
"XRP",0.01337,"2015-02-21T23:00:00.000Z"
"XRP",0.01346,"2015-02-22T23:00:00.000Z"
"XRP",0.01323,"2015-02-23T23:00:00.000Z"
"XRP",0.01357,"2015-02-24T23:00:00.000Z"
"XRP",0.01308,"2015-02-25T23:00:00.000Z"
"XRP",0.01314,"2015-02-26T23:00:00.000Z"
"XRP",0.01309,"2015-02-27T23:00:00.000Z"
"XRP",0.01309,"2015-02-28T23:00:00.000Z"
"XRP",0.01265,"2015-03-01T23:00:00.000Z"
"XRP",0.01178,"2015-03-02T23:00:00.000Z"
"XRP",0.01161,"2015-03-03T23:00:00.000Z"
"XRP",0.008896,"2015-03-04T23:00:00.000Z"
"XRP",0.01026,"2015-03-05T23:00:00.000Z"
"XRP",0.0112,"2015-03-06T23:00:00.000Z"
"XRP",0.01062,"2015-03-07T23:00:00.000Z"
"XRP",0.01033,"2015-03-08T23:00:00.000Z"
"XRP",0.01024,"2015-03-09T23:00:00.000Z"
"XRP",0.01032,"2015-03-10T23:00:00.000Z"
"XRP",0.009915,"2015-03-11T23:00:00.000Z"
"XRP",0.0104,"2015-03-12T23:00:00.000Z"
"XRP",0.01057,"2015-03-13T23:00:00.000Z"
"XRP",0.01024,"2015-03-14T23:00:00.000Z"
"XRP",0.01114,"2015-03-15T23:00:00.000Z"
"XRP",0.01067,"2015-03-16T23:00:00.000Z"
"XRP",0.01099,"2015-03-17T23:00:00.000Z"
"XRP",0.01078,"2015-03-18T23:00:00.000Z"
"XRP",0.01009,"2015-03-19T23:00:00.000Z"
"XRP",0.01003,"2015-03-20T23:00:00.000Z"
"XRP",0.01004,"2015-03-21T23:00:00.000Z"
"XRP",0.009816,"2015-03-22T23:00:00.000Z"
"XRP",0.01012,"2015-03-23T23:00:00.000Z"
"XRP",0.009616,"2015-03-24T23:00:00.000Z"
"XRP",0.009296,"2015-03-25T23:00:00.000Z"
"XRP",0.008794,"2015-03-26T23:00:00.000Z"
"XRP",0.008574,"2015-03-27T23:00:00.000Z"
"XRP",0.00868,"2015-03-28T23:00:00.000Z"
"XRP",0.008801,"2015-03-29T22:00:00.000Z"
"XRP",0.008266,"2015-03-30T22:00:00.000Z"
"XRP",0.008034,"2015-03-31T22:00:00.000Z"
"XRP",0.00762,"2015-04-01T22:00:00.000Z"
"XRP",0.007677,"2015-04-02T22:00:00.000Z"
"XRP",0.007997,"2015-04-03T22:00:00.000Z"
"XRP",0.008852,"2015-04-04T22:00:00.000Z"
"XRP",0.008565,"2015-04-05T22:00:00.000Z"
"XRP",0.008612,"2015-04-06T22:00:00.000Z"
"XRP",0.008692,"2015-04-07T22:00:00.000Z"
"XRP",0.009024,"2015-04-08T22:00:00.000Z"
"XRP",0.009078,"2015-04-09T22:00:00.000Z"
"XRP",0.008754,"2015-04-10T22:00:00.000Z"
"XRP",0.008449,"2015-04-11T22:00:00.000Z"
"XRP",0.008037,"2015-04-12T22:00:00.000Z"
"XRP",0.008116,"2015-04-13T22:00:00.000Z"
"XRP",0.007924,"2015-04-14T22:00:00.000Z"
"XRP",0.007576,"2015-04-15T22:00:00.000Z"
"XRP",0.007764,"2015-04-16T22:00:00.000Z"
"XRP",0.007868,"2015-04-17T22:00:00.000Z"
"XRP",0.007889,"2015-04-18T22:00:00.000Z"
"XRP",0.007857,"2015-04-19T22:00:00.000Z"
"XRP",0.007771,"2015-04-20T22:00:00.000Z"
"XRP",0.007841,"2015-04-21T22:00:00.000Z"
"XRP",0.008051,"2015-04-22T22:00:00.000Z"
"XRP",0.007953,"2015-04-23T22:00:00.000Z"
"XRP",0.007902,"2015-04-24T22:00:00.000Z"
"XRP",0.007742,"2015-04-25T22:00:00.000Z"
"XRP",0.007879,"2015-04-26T22:00:00.000Z"
"XRP",0.007683,"2015-04-27T22:00:00.000Z"
"XRP",0.00781,"2015-04-28T22:00:00.000Z"
"XRP",0.007616,"2015-04-29T22:00:00.000Z"
"XRP",0.00792,"2015-04-30T22:00:00.000Z"
"XRP",0.00817,"2015-05-01T22:00:00.000Z"
"XRP",0.008022,"2015-05-02T22:00:00.000Z"
"XRP",0.00805,"2015-05-03T22:00:00.000Z"
"XRP",0.008122,"2015-05-04T22:00:00.000Z"
"XRP",0.0081,"2015-05-05T22:00:00.000Z"
"XRP",0.007714,"2015-05-06T22:00:00.000Z"
"XRP",0.007645,"2015-05-07T22:00:00.000Z"
"XRP",0.007575,"2015-05-08T22:00:00.000Z"
"XRP",0.007383,"2015-05-09T22:00:00.000Z"
"XRP",0.007461,"2015-05-10T22:00:00.000Z"
"XRP",0.007281,"2015-05-11T22:00:00.000Z"
"XRP",0.007322,"2015-05-12T22:00:00.000Z"
"XRP",0.007105,"2015-05-13T22:00:00.000Z"
"XRP",0.006693,"2015-05-14T22:00:00.000Z"
"XRP",0.006629,"2015-05-15T22:00:00.000Z"
"XRP",0.006611,"2015-05-16T22:00:00.000Z"
"XRP",0.00645,"2015-05-17T22:00:00.000Z"
"XRP",0.006287,"2015-05-18T22:00:00.000Z"
"XRP",0.005454,"2015-05-19T22:00:00.000Z"
"XRP",0.00649,"2015-05-20T22:00:00.000Z"
"XRP",0.00636,"2015-05-21T22:00:00.000Z"
"XRP",0.006363,"2015-05-22T22:00:00.000Z"
"XRP",0.00668,"2015-05-23T22:00:00.000Z"
"XRP",0.006885,"2015-05-24T22:00:00.000Z"
"XRP",0.00678,"2015-05-25T22:00:00.000Z"
"XRP",0.006914,"2015-05-26T22:00:00.000Z"
"XRP",0.006753,"2015-05-27T22:00:00.000Z"
"XRP",0.006757,"2015-05-28T22:00:00.000Z"
"XRP",0.007998,"2015-05-29T22:00:00.000Z"
"XRP",0.009425,"2015-05-30T22:00:00.000Z"
"XRP",0.008183,"2015-05-31T22:00:00.000Z"
"XRP",0.0083,"2015-06-01T22:00:00.000Z"
"XRP",0.007337,"2015-06-02T22:00:00.000Z"
"XRP",0.008147,"2015-06-03T22:00:00.000Z"
"XRP",0.007877,"2015-06-04T22:00:00.000Z"
"XRP",0.007604,"2015-06-05T22:00:00.000Z"
"XRP",0.00786,"2015-06-06T22:00:00.000Z"
"XRP",0.007843,"2015-06-07T22:00:00.000Z"
"XRP",0.007881,"2015-06-08T22:00:00.000Z"
"XRP",0.007967,"2015-06-09T22:00:00.000Z"
"XRP",0.008024,"2015-06-10T22:00:00.000Z"
"XRP",0.008028,"2015-06-11T22:00:00.000Z"
"XRP",0.008,"2015-06-12T22:00:00.000Z"
"XRP",0.007916,"2015-06-13T22:00:00.000Z"
"XRP",0.008146,"2015-06-14T22:00:00.000Z"
"XRP",0.008109,"2015-06-15T22:00:00.000Z"
"XRP",0.008861,"2015-06-16T22:00:00.000Z"
"XRP",0.009292,"2015-06-17T22:00:00.000Z"
"XRP",0.009785,"2015-06-18T22:00:00.000Z"
"XRP",0.01024,"2015-06-19T22:00:00.000Z"
"XRP",0.01129,"2015-06-20T22:00:00.000Z"
"XRP",0.01078,"2015-06-21T22:00:00.000Z"
"XRP",0.0102,"2015-06-22T22:00:00.000Z"
"XRP",0.01051,"2015-06-23T22:00:00.000Z"
"XRP",0.01061,"2015-06-24T22:00:00.000Z"
"XRP",0.01092,"2015-06-25T22:00:00.000Z"
"XRP",0.01111,"2015-06-26T22:00:00.000Z"
"XRP",0.01142,"2015-06-27T22:00:00.000Z"
"XRP",0.01136,"2015-06-28T22:00:00.000Z"
"XRP",0.01157,"2015-06-29T22:00:00.000Z"
"XRP",0.01167,"2015-06-30T22:00:00.000Z"
"XRP",0.01055,"2015-07-01T22:00:00.000Z"
"XRP",0.01081,"2015-07-02T22:00:00.000Z"
"XRP",0.01072,"2015-07-03T22:00:00.000Z"
"XRP",0.01088,"2015-07-04T22:00:00.000Z"
"XRP",0.01055,"2015-07-05T22:00:00.000Z"
"XRP",0.009664,"2015-07-06T22:00:00.000Z"
"XRP",0.009318,"2015-07-07T22:00:00.000Z"
"XRP",0.009276,"2015-07-08T22:00:00.000Z"
"XRP",0.009228,"2015-07-09T22:00:00.000Z"
"XRP",0.008678,"2015-07-10T22:00:00.000Z"
"XRP",0.008435,"2015-07-11T22:00:00.000Z"
"XRP",0.008451,"2015-07-12T22:00:00.000Z"
"XRP",0.008557,"2015-07-13T22:00:00.000Z"
"XRP",0.008294,"2015-07-14T22:00:00.000Z"
"XRP",0.008363,"2015-07-15T22:00:00.000Z"
"XRP",0.008281,"2015-07-16T22:00:00.000Z"
"XRP",0.007984,"2015-07-17T22:00:00.000Z"
"XRP",0.008114,"2015-07-18T22:00:00.000Z"
"XRP",0.007953,"2015-07-19T22:00:00.000Z"
"XRP",0.008031,"2015-07-20T22:00:00.000Z"
"XRP",0.007928,"2015-07-21T22:00:00.000Z"
"XRP",0.007703,"2015-07-22T22:00:00.000Z"
"XRP",0.007641,"2015-07-23T22:00:00.000Z"
"XRP",0.007502,"2015-07-24T22:00:00.000Z"
"XRP",0.00772,"2015-07-25T22:00:00.000Z"
"XRP",0.007956,"2015-07-26T22:00:00.000Z"
"XRP",0.008285,"2015-07-27T22:00:00.000Z"
"XRP",0.008558,"2015-07-28T22:00:00.000Z"
"XRP",0.008388,"2015-07-29T22:00:00.000Z"
"XRP",0.008327,"2015-07-30T22:00:00.000Z"
"XRP",0.008412,"2015-07-31T22:00:00.000Z"
"XRP",0.008215,"2015-08-01T22:00:00.000Z"
"XRP",0.008108,"2015-08-02T22:00:00.000Z"
"XRP",0.008216,"2015-08-03T22:00:00.000Z"
"XRP",0.008097,"2015-08-04T22:00:00.000Z"
"XRP",0.008253,"2015-08-05T22:00:00.000Z"
"XRP",0.00818,"2015-08-06T22:00:00.000Z"
"XRP",0.007831,"2015-08-07T22:00:00.000Z"
"XRP",0.008057,"2015-08-08T22:00:00.000Z"
"XRP",0.008307,"2015-08-09T22:00:00.000Z"
"XRP",0.008792,"2015-08-10T22:00:00.000Z"
"XRP",0.008531,"2015-08-11T22:00:00.000Z"
"XRP",0.008276,"2015-08-12T22:00:00.000Z"
"XRP",0.008063,"2015-08-13T22:00:00.000Z"
"XRP",0.008132,"2015-08-14T22:00:00.000Z"
"XRP",0.00833,"2015-08-15T22:00:00.000Z"
"XRP",0.008153,"2015-08-16T22:00:00.000Z"
"XRP",0.007964,"2015-08-17T22:00:00.000Z"
"XRP",0.008153,"2015-08-18T22:00:00.000Z"
"XRP",0.007946,"2015-08-19T22:00:00.000Z"
"XRP",0.007524,"2015-08-20T22:00:00.000Z"
"XRP",0.007774,"2015-08-21T22:00:00.000Z"
"XRP",0.007758,"2015-08-22T22:00:00.000Z"
"XRP",0.007596,"2015-08-23T22:00:00.000Z"
"XRP",0.007376,"2015-08-24T22:00:00.000Z"
"XRP",0.00713,"2015-08-25T22:00:00.000Z"
"XRP",0.007129,"2015-08-26T22:00:00.000Z"
"XRP",0.007269,"2015-08-27T22:00:00.000Z"
"XRP",0.007302,"2015-08-28T22:00:00.000Z"
"XRP",0.00746,"2015-08-29T22:00:00.000Z"
"XRP",0.00766,"2015-08-30T22:00:00.000Z"
"XRP",0.007764,"2015-08-31T22:00:00.000Z"
"XRP",0.007629,"2015-09-01T22:00:00.000Z"
"XRP",0.00778,"2015-09-02T22:00:00.000Z"
"XRP",0.007547,"2015-09-03T22:00:00.000Z"
"XRP",0.007515,"2015-09-04T22:00:00.000Z"
"XRP",0.007593,"2015-09-05T22:00:00.000Z"
"XRP",0.007453,"2015-09-06T22:00:00.000Z"
"XRP",0.007744,"2015-09-07T22:00:00.000Z"
"XRP",0.007663,"2015-09-08T22:00:00.000Z"
"XRP",0.007755,"2015-09-09T22:00:00.000Z"
"XRP",0.00749,"2015-09-10T22:00:00.000Z"
"XRP",0.007543,"2015-09-11T22:00:00.000Z"
"XRP",0.007484,"2015-09-12T22:00:00.000Z"
"XRP",0.007543,"2015-09-13T22:00:00.000Z"
"XRP",0.007574,"2015-09-14T22:00:00.000Z"
"XRP",0.007261,"2015-09-15T22:00:00.000Z"
"XRP",0.007417,"2015-09-16T22:00:00.000Z"
"XRP",0.007189,"2015-09-17T22:00:00.000Z"
"XRP",0.007282,"2015-09-18T22:00:00.000Z"
"XRP",0.007357,"2015-09-19T22:00:00.000Z"
"XRP",0.007278,"2015-09-20T22:00:00.000Z"
"XRP",0.00719,"2015-09-21T22:00:00.000Z"
"XRP",0.007151,"2015-09-22T22:00:00.000Z"
"XRP",0.007028,"2015-09-23T22:00:00.000Z"
"XRP",0.006512,"2015-09-24T22:00:00.000Z"
"XRP",0.00653,"2015-09-25T22:00:00.000Z"
"XRP",0.006658,"2015-09-26T22:00:00.000Z"
"XRP",0.00642,"2015-09-27T22:00:00.000Z"
"XRP",0.006414,"2015-09-28T22:00:00.000Z"
"XRP",0.006008,"2015-09-29T22:00:00.000Z"
"XRP",0.005171,"2015-09-30T22:00:00.000Z"
"XRP",0.005614,"2015-10-01T22:00:00.000Z"
"XRP",0.005395,"2015-10-02T22:00:00.000Z"
"XRP",0.005809,"2015-10-03T22:00:00.000Z"
"XRP",0.005271,"2015-10-04T22:00:00.000Z"
"XRP",0.005043,"2015-10-05T22:00:00.000Z"
"XRP",0.004886,"2015-10-06T22:00:00.000Z"
"XRP",0.005423,"2015-10-07T22:00:00.000Z"
"XRP",0.005109,"2015-10-08T22:00:00.000Z"
"XRP",0.004841,"2015-10-09T22:00:00.000Z"
"XRP",0.005024,"2015-10-10T22:00:00.000Z"
"XRP",0.005007,"2015-10-11T22:00:00.000Z"
"XRP",0.005182,"2015-10-12T22:00:00.000Z"
"XRP",0.005257,"2015-10-13T22:00:00.000Z"
"XRP",0.005245,"2015-10-14T22:00:00.000Z"
"XRP",0.005312,"2015-10-15T22:00:00.000Z"
"XRP",0.00534,"2015-10-16T22:00:00.000Z"
"XRP",0.005312,"2015-10-17T22:00:00.000Z"
"XRP",0.005098,"2015-10-18T22:00:00.000Z"
"XRP",0.004962,"2015-10-19T22:00:00.000Z"
"XRP",0.005025,"2015-10-20T22:00:00.000Z"
"XRP",0.004646,"2015-10-21T22:00:00.000Z"
"XRP",0.004625,"2015-10-22T22:00:00.000Z"
"XRP",0.004763,"2015-10-23T22:00:00.000Z"
"XRP",0.00457,"2015-10-24T22:00:00.000Z"
"XRP",0.004643,"2015-10-25T23:00:00.000Z"
"XRP",0.0045,"2015-10-26T23:00:00.000Z"
"XRP",0.004553,"2015-10-27T23:00:00.000Z"
"XRP",0.004614,"2015-10-28T23:00:00.000Z"
"XRP",0.004688,"2015-10-29T23:00:00.000Z"
"XRP",0.00458,"2015-10-30T23:00:00.000Z"
"XRP",0.004701,"2015-10-31T23:00:00.000Z"
"XRP",0.004622,"2015-11-01T23:00:00.000Z"
"XRP",0.004845,"2015-11-02T23:00:00.000Z"
"XRP",0.004938,"2015-11-03T23:00:00.000Z"
"XRP",0.005229,"2015-11-04T23:00:00.000Z"
"XRP",0.004479,"2015-11-05T23:00:00.000Z"
"XRP",0.004256,"2015-11-06T23:00:00.000Z"
"XRP",0.004434,"2015-11-07T23:00:00.000Z"
"XRP",0.004599,"2015-11-08T23:00:00.000Z"
"XRP",0.004535,"2015-11-09T23:00:00.000Z"
"XRP",0.004449,"2015-11-10T23:00:00.000Z"
"XRP",0.004431,"2015-11-11T23:00:00.000Z"
"XRP",0.004137,"2015-11-12T23:00:00.000Z"
"XRP",0.004439,"2015-11-13T23:00:00.000Z"
"XRP",0.004362,"2015-11-14T23:00:00.000Z"
"XRP",0.004331,"2015-11-15T23:00:00.000Z"
"XRP",0.004141,"2015-11-16T23:00:00.000Z"
"XRP",0.004285,"2015-11-17T23:00:00.000Z"
"XRP",0.004186,"2015-11-18T23:00:00.000Z"
"XRP",0.004221,"2015-11-19T23:00:00.000Z"
"XRP",0.004173,"2015-11-20T23:00:00.000Z"
"XRP",0.004203,"2015-11-21T23:00:00.000Z"
"XRP",0.004275,"2015-11-22T23:00:00.000Z"
"XRP",0.004238,"2015-11-23T23:00:00.000Z"
"XRP",0.004243,"2015-11-24T23:00:00.000Z"
"XRP",0.004262,"2015-11-25T23:00:00.000Z"
"XRP",0.004295,"2015-11-26T23:00:00.000Z"
"XRP",0.00419,"2015-11-27T23:00:00.000Z"
"XRP",0.00419,"2015-11-28T23:00:00.000Z"
"XRP",0.004304,"2015-11-29T23:00:00.000Z"
"XRP",0.00429,"2015-11-30T23:00:00.000Z"
"XRP",0.004208,"2015-12-01T23:00:00.000Z"
"XRP",0.004067,"2015-12-02T23:00:00.000Z"
"XRP",0.004213,"2015-12-03T23:00:00.000Z"
"XRP",0.004327,"2015-12-04T23:00:00.000Z"
"XRP",0.004841,"2015-12-05T23:00:00.000Z"
"XRP",0.005185,"2015-12-06T23:00:00.000Z"
"XRP",0.005351,"2015-12-07T23:00:00.000Z"
"XRP",0.005559,"2015-12-08T23:00:00.000Z"
"XRP",0.006963,"2015-12-09T23:00:00.000Z"
"XRP",0.008235,"2015-12-10T23:00:00.000Z"
"XRP",0.007706,"2015-12-11T23:00:00.000Z"
"XRP",0.008766,"2015-12-12T23:00:00.000Z"
"XRP",0.00822,"2015-12-13T23:00:00.000Z"
"XRP",0.008545,"2015-12-14T23:00:00.000Z"
"XRP",0.007439,"2015-12-15T23:00:00.000Z"
"XRP",0.00618,"2015-12-16T23:00:00.000Z"
"XRP",0.006739,"2015-12-17T23:00:00.000Z"
"XRP",0.00647,"2015-12-18T23:00:00.000Z"
"XRP",0.006226,"2015-12-19T23:00:00.000Z"
"XRP",0.006121,"2015-12-20T23:00:00.000Z"
"XRP",0.006137,"2015-12-21T23:00:00.000Z"
"XRP",0.006038,"2015-12-22T23:00:00.000Z"
"XRP",0.006077,"2015-12-23T23:00:00.000Z"
"XRP",0.005858,"2015-12-24T23:00:00.000Z"
"XRP",0.005959,"2015-12-25T23:00:00.000Z"
"XRP",0.006492,"2015-12-26T23:00:00.000Z"
"XRP",0.006106,"2015-12-27T23:00:00.000Z"
"XRP",0.006379,"2015-12-28T23:00:00.000Z"
"XRP",0.006279,"2015-12-29T23:00:00.000Z"
"XRP",0.006045,"2015-12-30T23:00:00.000Z"
"XRP",0.006146,"2015-12-31T23:00:00.000Z"
"XRP",0.005918,"2016-01-01T23:00:00.000Z"
"XRP",0.005893,"2016-01-02T23:00:00.000Z"
"XRP",0.006103,"2016-01-03T23:00:00.000Z"
"XRP",0.005923,"2016-01-04T23:00:00.000Z"
"XRP",0.005962,"2016-01-05T23:00:00.000Z"
"XRP",0.006014,"2016-01-06T23:00:00.000Z"
"XRP",0.005927,"2016-01-07T23:00:00.000Z"
"XRP",0.005905,"2016-01-08T23:00:00.000Z"
"XRP",0.005821,"2016-01-09T23:00:00.000Z"
"XRP",0.005942,"2016-01-10T23:00:00.000Z"
"XRP",0.00592,"2016-01-11T23:00:00.000Z"
"XRP",0.005872,"2016-01-12T23:00:00.000Z"
"XRP",0.005813,"2016-01-13T23:00:00.000Z"
"XRP",0.005726,"2016-01-14T23:00:00.000Z"
"XRP",0.005591,"2016-01-15T23:00:00.000Z"
"XRP",0.005154,"2016-01-16T23:00:00.000Z"
"XRP",0.004983,"2016-01-17T23:00:00.000Z"
"XRP",0.005271,"2016-01-18T23:00:00.000Z"
"XRP",0.005231,"2016-01-19T23:00:00.000Z"
"XRP",0.005225,"2016-01-20T23:00:00.000Z"
"XRP",0.00539,"2016-01-21T23:00:00.000Z"
"XRP",0.005271,"2016-01-22T23:00:00.000Z"
"XRP",0.005098,"2016-01-23T23:00:00.000Z"
"XRP",0.005055,"2016-01-24T23:00:00.000Z"
"XRP",0.0051,"2016-01-25T23:00:00.000Z"
"XRP",0.00509,"2016-01-26T23:00:00.000Z"
"XRP",0.005544,"2016-01-27T23:00:00.000Z"
"XRP",0.006819,"2016-01-28T23:00:00.000Z"
"XRP",0.006118,"2016-01-29T23:00:00.000Z"
"XRP",0.007045,"2016-01-30T23:00:00.000Z"
"XRP",0.006537,"2016-01-31T23:00:00.000Z"
"XRP",0.006418,"2016-02-01T23:00:00.000Z"
"XRP",0.006574,"2016-02-02T23:00:00.000Z"
"XRP",0.006736,"2016-02-03T23:00:00.000Z"
"XRP",0.006838,"2016-02-04T23:00:00.000Z"
"XRP",0.006878,"2016-02-05T23:00:00.000Z"
"XRP",0.007354,"2016-02-06T23:00:00.000Z"
"XRP",0.008148,"2016-02-07T23:00:00.000Z"
"XRP",0.007865,"2016-02-08T23:00:00.000Z"
"XRP",0.007554,"2016-02-09T23:00:00.000Z"
"XRP",0.007699,"2016-02-10T23:00:00.000Z"
"XRP",0.007726,"2016-02-11T23:00:00.000Z"
"XRP",0.007637,"2016-02-12T23:00:00.000Z"
"XRP",0.007792,"2016-02-13T23:00:00.000Z"
"XRP",0.0082,"2016-02-14T23:00:00.000Z"
"XRP",0.00846,"2016-02-15T23:00:00.000Z"
"XRP",0.008404,"2016-02-16T23:00:00.000Z"
"XRP",0.008181,"2016-02-17T23:00:00.000Z"
"XRP",0.007785,"2016-02-18T23:00:00.000Z"
"XRP",0.00807,"2016-02-19T23:00:00.000Z"
"XRP",0.008232,"2016-02-20T23:00:00.000Z"
"XRP",0.008115,"2016-02-21T23:00:00.000Z"
"XRP",0.007938,"2016-02-22T23:00:00.000Z"
"XRP",0.008032,"2016-02-23T23:00:00.000Z"
"XRP",0.007989,"2016-02-24T23:00:00.000Z"
"XRP",0.007999,"2016-02-25T23:00:00.000Z"
"XRP",0.008049,"2016-02-26T23:00:00.000Z"
"XRP",0.007978,"2016-02-27T23:00:00.000Z"
"XRP",0.007908,"2016-02-28T23:00:00.000Z"
"XRP",0.007793,"2016-02-29T23:00:00.000Z"
"XRP",0.008033,"2016-03-01T23:00:00.000Z"
"XRP",0.008156,"2016-03-02T23:00:00.000Z"
"XRP",0.007916,"2016-03-03T23:00:00.000Z"
"XRP",0.007966,"2016-03-04T23:00:00.000Z"
"XRP",0.008257,"2016-03-05T23:00:00.000Z"
"XRP",0.00768,"2016-03-06T23:00:00.000Z"
"XRP",0.00769,"2016-03-07T23:00:00.000Z"
"XRP",0.007795,"2016-03-08T23:00:00.000Z"
"XRP",0.007726,"2016-03-09T23:00:00.000Z"
"XRP",0.008004,"2016-03-10T23:00:00.000Z"
"XRP",0.008222,"2016-03-11T23:00:00.000Z"
"XRP",0.008747,"2016-03-12T23:00:00.000Z"
"XRP",0.008409,"2016-03-13T23:00:00.000Z"
"XRP",0.008474,"2016-03-14T23:00:00.000Z"
"XRP",0.008313,"2016-03-15T23:00:00.000Z"
"XRP",0.008149,"2016-03-16T23:00:00.000Z"
"XRP",0.008151,"2016-03-17T23:00:00.000Z"
"XRP",0.00816,"2016-03-18T23:00:00.000Z"
"XRP",0.008102,"2016-03-19T23:00:00.000Z"
"XRP",0.007891,"2016-03-20T23:00:00.000Z"
"XRP",0.007927,"2016-03-21T23:00:00.000Z"
"XRP",0.008036,"2016-03-22T23:00:00.000Z"
"XRP",0.008161,"2016-03-23T23:00:00.000Z"
"XRP",0.008339,"2016-03-24T23:00:00.000Z"
"XRP",0.008099,"2016-03-25T23:00:00.000Z"
"XRP",0.008081,"2016-03-26T23:00:00.000Z"
"XRP",0.007995,"2016-03-27T22:00:00.000Z"
"XRP",0.007819,"2016-03-28T22:00:00.000Z"
"XRP",0.007283,"2016-03-29T22:00:00.000Z"
"XRP",0.007495,"2016-03-30T22:00:00.000Z"
"XRP",0.007084,"2016-03-31T22:00:00.000Z"
"XRP",0.00741,"2016-04-01T22:00:00.000Z"
"XRP",0.007346,"2016-04-02T22:00:00.000Z"
"XRP",0.007488,"2016-04-03T22:00:00.000Z"
"XRP",0.007417,"2016-04-04T22:00:00.000Z"
"XRP",0.007397,"2016-04-05T22:00:00.000Z"
"XRP",0.007335,"2016-04-06T22:00:00.000Z"
"XRP",0.007078,"2016-04-07T22:00:00.000Z"
"XRP",0.006732,"2016-04-08T22:00:00.000Z"
"XRP",0.00661,"2016-04-09T22:00:00.000Z"
"XRP",0.006056,"2016-04-10T22:00:00.000Z"
"XRP",0.005798,"2016-04-11T22:00:00.000Z"
"XRP",0.006066,"2016-04-12T22:00:00.000Z"
"XRP",0.005854,"2016-04-13T22:00:00.000Z"
"XRP",0.005828,"2016-04-14T22:00:00.000Z"
"XRP",0.006325,"2016-04-15T22:00:00.000Z"
"XRP",0.006338,"2016-04-16T22:00:00.000Z"
"XRP",0.006513,"2016-04-17T22:00:00.000Z"
"XRP",0.006507,"2016-04-18T22:00:00.000Z"
"XRP",0.007048,"2016-04-19T22:00:00.000Z"
"XRP",0.007174,"2016-04-20T22:00:00.000Z"
"XRP",0.007349,"2016-04-21T22:00:00.000Z"
"XRP",0.007133,"2016-04-22T22:00:00.000Z"
"XRP",0.00732,"2016-04-23T22:00:00.000Z"
"XRP",0.007322,"2016-04-24T22:00:00.000Z"
"XRP",0.007178,"2016-04-25T22:00:00.000Z"
"XRP",0.007155,"2016-04-26T22:00:00.000Z"
"XRP",0.006902,"2016-04-27T22:00:00.000Z"
"XRP",0.00653,"2016-04-28T22:00:00.000Z"
"XRP",0.006627,"2016-04-29T22:00:00.000Z"
"XRP",0.006803,"2016-04-30T22:00:00.000Z"
"XRP",0.006745,"2016-05-01T22:00:00.000Z"
"XRP",0.006721,"2016-05-02T22:00:00.000Z"
"XRP",0.006579,"2016-05-03T22:00:00.000Z"
"XRP",0.006451,"2016-05-04T22:00:00.000Z"
"XRP",0.00623,"2016-05-05T22:00:00.000Z"
"XRP",0.006217,"2016-05-06T22:00:00.000Z"
"XRP",0.006433,"2016-05-07T22:00:00.000Z"
"XRP",0.006426,"2016-05-08T22:00:00.000Z"
"XRP",0.006341,"2016-05-09T22:00:00.000Z"
"XRP",0.006372,"2016-05-10T22:00:00.000Z"
"XRP",0.006127,"2016-05-11T22:00:00.000Z"
"XRP",0.006145,"2016-05-12T22:00:00.000Z"
"XRP",0.006137,"2016-05-13T22:00:00.000Z"
"XRP",0.006076,"2016-05-14T22:00:00.000Z"
"XRP",0.006011,"2016-05-15T22:00:00.000Z"
"XRP",0.005987,"2016-05-16T22:00:00.000Z"
"XRP",0.00599,"2016-05-17T22:00:00.000Z"
"XRP",0.005911,"2016-05-18T22:00:00.000Z"
"XRP",0.006001,"2016-05-19T22:00:00.000Z"
"XRP",0.006144,"2016-05-20T22:00:00.000Z"
"XRP",0.006031,"2016-05-21T22:00:00.000Z"
"XRP",0.005945,"2016-05-22T22:00:00.000Z"
"XRP",0.005929,"2016-05-23T22:00:00.000Z"
"XRP",0.005882,"2016-05-24T22:00:00.000Z"
"XRP",0.005817,"2016-05-25T22:00:00.000Z"
"XRP",0.005639,"2016-05-26T22:00:00.000Z"
"XRP",0.005763,"2016-05-27T22:00:00.000Z"
"XRP",0.005518,"2016-05-28T22:00:00.000Z"
"XRP",0.005364,"2016-05-29T22:00:00.000Z"
"XRP",0.005649,"2016-05-30T22:00:00.000Z"
"XRP",0.005653,"2016-05-31T22:00:00.000Z"
"XRP",0.005539,"2016-06-01T22:00:00.000Z"
"XRP",0.005785,"2016-06-02T22:00:00.000Z"
"XRP",0.005708,"2016-06-03T22:00:00.000Z"
"XRP",0.005767,"2016-06-04T22:00:00.000Z"
"XRP",0.005826,"2016-06-05T22:00:00.000Z"
"XRP",0.005761,"2016-06-06T22:00:00.000Z"
"XRP",0.005691,"2016-06-07T22:00:00.000Z"
"XRP",0.00578,"2016-06-08T22:00:00.000Z"
"XRP",0.005753,"2016-06-09T22:00:00.000Z"
"XRP",0.005753,"2016-06-10T22:00:00.000Z"
"XRP",0.005698,"2016-06-11T22:00:00.000Z"
"XRP",0.005696,"2016-06-12T22:00:00.000Z"
"XRP",0.005623,"2016-06-13T22:00:00.000Z"
"XRP",0.005884,"2016-06-14T22:00:00.000Z"
"XRP",0.0073,"2016-06-15T22:00:00.000Z"
"XRP",0.00653,"2016-06-16T22:00:00.000Z"
"XRP",0.006587,"2016-06-17T22:00:00.000Z"
"XRP",0.006649,"2016-06-18T22:00:00.000Z"
"XRP",0.00655,"2016-06-19T22:00:00.000Z"
"XRP",0.006721,"2016-06-20T22:00:00.000Z"
"XRP",0.006504,"2016-06-21T22:00:00.000Z"
"XRP",0.005706,"2016-06-22T22:00:00.000Z"
"XRP",0.0068,"2016-06-23T22:00:00.000Z"
"XRP",0.006295,"2016-06-24T22:00:00.000Z"
"XRP",0.00665,"2016-06-25T22:00:00.000Z"
"XRP",0.006357,"2016-06-26T22:00:00.000Z"
"XRP",0.0065,"2016-06-27T22:00:00.000Z"
"XRP",0.006236,"2016-06-28T22:00:00.000Z"
"XRP",0.007246,"2016-06-29T22:00:00.000Z"
"XRP",0.006729,"2016-06-30T22:00:00.000Z"
"XRP",0.0066,"2016-07-01T22:00:00.000Z"
"XRP",0.00678,"2016-07-02T22:00:00.000Z"
"XRP",0.006584,"2016-07-03T22:00:00.000Z"
"XRP",0.006552,"2016-07-04T22:00:00.000Z"
"XRP",0.006658,"2016-07-05T22:00:00.000Z"
"XRP",0.006561,"2016-07-06T22:00:00.000Z"
"XRP",0.006459,"2016-07-07T22:00:00.000Z"
"XRP",0.006459,"2016-07-08T22:00:00.000Z"
"XRP",0.006596,"2016-07-09T22:00:00.000Z"
"XRP",0.006574,"2016-07-10T22:00:00.000Z"
"XRP",0.006497,"2016-07-11T22:00:00.000Z"
"XRP",0.00626,"2016-07-12T22:00:00.000Z"
"XRP",0.006387,"2016-07-13T22:00:00.000Z"
"XRP",0.006441,"2016-07-14T22:00:00.000Z"
"XRP",0.006344,"2016-07-15T22:00:00.000Z"
"XRP",0.006468,"2016-07-16T22:00:00.000Z"
"XRP",0.006648,"2016-07-17T22:00:00.000Z"
"XRP",0.006537,"2016-07-18T22:00:00.000Z"
"XRP",0.006478,"2016-07-19T22:00:00.000Z"
"XRP",0.006385,"2016-07-20T22:00:00.000Z"
"XRP",0.006383,"2016-07-21T22:00:00.000Z"
"XRP",0.006462,"2016-07-22T22:00:00.000Z"
"XRP",0.006297,"2016-07-23T22:00:00.000Z"
"XRP",0.006372,"2016-07-24T22:00:00.000Z"
"XRP",0.0063,"2016-07-25T22:00:00.000Z"
"XRP",0.006104,"2016-07-26T22:00:00.000Z"
"XRP",0.00589,"2016-07-27T22:00:00.000Z"
"XRP",0.005864,"2016-07-28T22:00:00.000Z"
"XRP",0.005934,"2016-07-29T22:00:00.000Z"
"XRP",0.00611,"2016-07-30T22:00:00.000Z"
"XRP",0.006107,"2016-07-31T22:00:00.000Z"
"XRP",0.005797,"2016-08-01T22:00:00.000Z"
"XRP",0.005791,"2016-08-02T22:00:00.000Z"
"XRP",0.005315,"2016-08-03T22:00:00.000Z"
"XRP",0.005647,"2016-08-04T22:00:00.000Z"
"XRP",0.005934,"2016-08-05T22:00:00.000Z"
"XRP",0.005968,"2016-08-06T22:00:00.000Z"
"XRP",0.006508,"2016-08-07T22:00:00.000Z"
"XRP",0.006152,"2016-08-08T22:00:00.000Z"
"XRP",0.00594,"2016-08-09T22:00:00.000Z"
"XRP",0.006198,"2016-08-10T22:00:00.000Z"
"XRP",0.006223,"2016-08-11T22:00:00.000Z"
"XRP",0.006188,"2016-08-12T22:00:00.000Z"
"XRP",0.006141,"2016-08-13T22:00:00.000Z"
"XRP",0.006138,"2016-08-14T22:00:00.000Z"
"XRP",0.005956,"2016-08-15T22:00:00.000Z"
"XRP",0.006051,"2016-08-16T22:00:00.000Z"
"XRP",0.00615,"2016-08-17T22:00:00.000Z"
"XRP",0.006073,"2016-08-18T22:00:00.000Z"
"XRP",0.005983,"2016-08-19T22:00:00.000Z"
"XRP",0.006076,"2016-08-20T22:00:00.000Z"
"XRP",0.006134,"2016-08-21T22:00:00.000Z"
"XRP",0.006008,"2016-08-22T22:00:00.000Z"
"XRP",0.005908,"2016-08-23T22:00:00.000Z"
"XRP",0.006079,"2016-08-24T22:00:00.000Z"
"XRP",0.006131,"2016-08-25T22:00:00.000Z"
"XRP",0.006097,"2016-08-26T22:00:00.000Z"
"XRP",0.006037,"2016-08-27T22:00:00.000Z"
"XRP",0.005936,"2016-08-28T22:00:00.000Z"
"XRP",0.005968,"2016-08-29T22:00:00.000Z"
"XRP",0.00626,"2016-08-30T22:00:00.000Z"
"XRP",0.005974,"2016-08-31T22:00:00.000Z"
"XRP",0.006021,"2016-09-01T22:00:00.000Z"
"XRP",0.005938,"2016-09-02T22:00:00.000Z"
"XRP",0.005938,"2016-09-03T22:00:00.000Z"
"XRP",0.005975,"2016-09-04T22:00:00.000Z"
"XRP",0.005963,"2016-09-05T22:00:00.000Z"
"XRP",0.005874,"2016-09-06T22:00:00.000Z"
"XRP",0.005837,"2016-09-07T22:00:00.000Z"
"XRP",0.005837,"2016-09-08T22:00:00.000Z"
"XRP",0.005882,"2016-09-09T22:00:00.000Z"
"XRP",0.0059,"2016-09-10T22:00:00.000Z"
"XRP",0.005873,"2016-09-11T22:00:00.000Z"
"XRP",0.005856,"2016-09-12T22:00:00.000Z"
"XRP",0.005881,"2016-09-13T22:00:00.000Z"
"XRP",0.00593,"2016-09-14T22:00:00.000Z"
"XRP",0.006093,"2016-09-15T22:00:00.000Z"
"XRP",0.0091,"2016-09-16T22:00:00.000Z"
"XRP",0.0072,"2016-09-17T22:00:00.000Z"
"XRP",0.006987,"2016-09-18T22:00:00.000Z"
"XRP",0.006888,"2016-09-19T22:00:00.000Z"
"XRP",0.006855,"2016-09-20T22:00:00.000Z"
"XRP",0.006779,"2016-09-21T22:00:00.000Z"
"XRP",0.006802,"2016-09-22T22:00:00.000Z"
"XRP",0.006772,"2016-09-23T22:00:00.000Z"
"XRP",0.007434,"2016-09-24T22:00:00.000Z"
"XRP",0.007425,"2016-09-25T22:00:00.000Z"
"XRP",0.008062,"2016-09-26T22:00:00.000Z"
"XRP",0.007703,"2016-09-27T22:00:00.000Z"
"XRP",0.008349,"2016-09-28T22:00:00.000Z"
"XRP",0.009123,"2016-09-29T22:00:00.000Z"
"XRP",0.009097,"2016-09-30T22:00:00.000Z"
"XRP",0.0086,"2016-10-01T22:00:00.000Z"
"XRP",0.008043,"2016-10-02T22:00:00.000Z"
"XRP",0.008121,"2016-10-03T22:00:00.000Z"
"XRP",0.008086,"2016-10-04T22:00:00.000Z"
"XRP",0.007757,"2016-10-05T22:00:00.000Z"
"XRP",0.007257,"2016-10-06T22:00:00.000Z"
"XRP",0.00735,"2016-10-07T22:00:00.000Z"
"XRP",0.007307,"2016-10-08T22:00:00.000Z"
"XRP",0.007356,"2016-10-09T22:00:00.000Z"
"XRP",0.007475,"2016-10-10T22:00:00.000Z"
"XRP",0.007909,"2016-10-11T22:00:00.000Z"
"XRP",0.007872,"2016-10-12T22:00:00.000Z"
"XRP",0.007861,"2016-10-13T22:00:00.000Z"
"XRP",0.007876,"2016-10-14T22:00:00.000Z"
"XRP",0.008058,"2016-10-15T22:00:00.000Z"
"XRP",0.008002,"2016-10-16T22:00:00.000Z"
"XRP",0.007878,"2016-10-17T22:00:00.000Z"
"XRP",0.00808,"2016-10-18T22:00:00.000Z"
"XRP",0.008337,"2016-10-19T22:00:00.000Z"
"XRP",0.008612,"2016-10-20T22:00:00.000Z"
"XRP",0.0092,"2016-10-21T22:00:00.000Z"
"XRP",0.008953,"2016-10-22T22:00:00.000Z"
"XRP",0.008784,"2016-10-23T22:00:00.000Z"
"XRP",0.008903,"2016-10-24T22:00:00.000Z"
"XRP",0.008795,"2016-10-25T22:00:00.000Z"
"XRP",0.00871,"2016-10-26T22:00:00.000Z"
"XRP",0.008631,"2016-10-27T22:00:00.000Z"
"XRP",0.00829,"2016-10-28T22:00:00.000Z"
"XRP",0.0078,"2016-10-29T22:00:00.000Z"
"XRP",0.007644,"2016-10-30T23:00:00.000Z"
"XRP",0.008023,"2016-10-31T23:00:00.000Z"
"XRP",0.008036,"2016-11-01T23:00:00.000Z"
"XRP",0.007905,"2016-11-02T23:00:00.000Z"
"XRP",0.008077,"2016-11-03T23:00:00.000Z"
"XRP",0.008012,"2016-11-04T23:00:00.000Z"
"XRP",0.008187,"2016-11-05T23:00:00.000Z"
"XRP",0.008195,"2016-11-06T23:00:00.000Z"
"XRP",0.008063,"2016-11-07T23:00:00.000Z"
"XRP",0.008259,"2016-11-08T23:00:00.000Z"
"XRP",0.008176,"2016-11-09T23:00:00.000Z"
"XRP",0.008139,"2016-11-10T23:00:00.000Z"
"XRP",0.008063,"2016-11-11T23:00:00.000Z"
"XRP",0.008091,"2016-11-12T23:00:00.000Z"
"XRP",0.008064,"2016-11-13T23:00:00.000Z"
"XRP",0.008103,"2016-11-14T23:00:00.000Z"
"XRP",0.007959,"2016-11-15T23:00:00.000Z"
"XRP",0.007837,"2016-11-16T23:00:00.000Z"
"XRP",0.007667,"2016-11-17T23:00:00.000Z"
"XRP",0.007652,"2016-11-18T23:00:00.000Z"
"XRP",0.007741,"2016-11-19T23:00:00.000Z"
"XRP",0.007578,"2016-11-20T23:00:00.000Z"
"XRP",0.007553,"2016-11-21T23:00:00.000Z"
"XRP",0.007435,"2016-11-22T23:00:00.000Z"
"XRP",0.007338,"2016-11-23T23:00:00.000Z"
"XRP",0.007009,"2016-11-24T23:00:00.000Z"
"XRP",0.006759,"2016-11-25T23:00:00.000Z"
"XRP",0.006823,"2016-11-26T23:00:00.000Z"
"XRP",0.006948,"2016-11-27T23:00:00.000Z"
"XRP",0.006882,"2016-11-28T23:00:00.000Z"
"XRP",0.006768,"2016-11-29T23:00:00.000Z"
"XRP",0.00671,"2016-11-30T23:00:00.000Z"
"XRP",0.006752,"2016-12-01T23:00:00.000Z"
"XRP",0.006729,"2016-12-02T23:00:00.000Z"
"XRP",0.006615,"2016-12-03T23:00:00.000Z"
"XRP",0.006534,"2016-12-04T23:00:00.000Z"
"XRP",0.006448,"2016-12-05T23:00:00.000Z"
"XRP",0.00635,"2016-12-06T23:00:00.000Z"
"XRP",0.006636,"2016-12-07T23:00:00.000Z"
"XRP",0.007111,"2016-12-08T23:00:00.000Z"
"XRP",0.006872,"2016-12-09T23:00:00.000Z"
"XRP",0.006815,"2016-12-10T23:00:00.000Z"
"XRP",0.006712,"2016-12-11T23:00:00.000Z"
"XRP",0.006754,"2016-12-12T23:00:00.000Z"
"XRP",0.00671,"2016-12-13T23:00:00.000Z"
"XRP",0.006798,"2016-12-14T23:00:00.000Z"
"XRP",0.006655,"2016-12-15T23:00:00.000Z"
"XRP",0.006666,"2016-12-16T23:00:00.000Z"
"XRP",0.006616,"2016-12-17T23:00:00.000Z"
"XRP",0.006479,"2016-12-18T23:00:00.000Z"
"XRP",0.006594,"2016-12-19T23:00:00.000Z"
"XRP",0.006483,"2016-12-20T23:00:00.000Z"
"XRP",0.006457,"2016-12-21T23:00:00.000Z"
"XRP",0.006471,"2016-12-22T23:00:00.000Z"
"XRP",0.006474,"2016-12-23T23:00:00.000Z"
"XRP",0.00601,"2016-12-24T23:00:00.000Z"
"XRP",0.006437,"2016-12-25T23:00:00.000Z"
"XRP",0.006393,"2016-12-26T23:00:00.000Z"
"XRP",0.006194,"2016-12-27T23:00:00.000Z"
"XRP",0.006067,"2016-12-28T23:00:00.000Z"
"XRP",0.006162,"2016-12-29T23:00:00.000Z"
"XRP",0.006424,"2016-12-30T23:00:00.000Z"
"XRP",0.006419,"2016-12-31T23:00:00.000Z"
"XRP",0.006512,"2017-01-01T23:00:00.000Z"
"XRP",0.0063,"2017-01-02T23:00:00.000Z"
"XRP",0.006276,"2017-01-03T23:00:00.000Z"
"XRP",0.006411,"2017-01-04T23:00:00.000Z"
"XRP",0.006472,"2017-01-05T23:00:00.000Z"
"XRP",0.006276,"2017-01-06T23:00:00.000Z"
"XRP",0.006222,"2017-01-07T23:00:00.000Z"
"XRP",0.006302,"2017-01-08T23:00:00.000Z"
"XRP",0.006161,"2017-01-09T23:00:00.000Z"
"XRP",0.006175,"2017-01-10T23:00:00.000Z"
"XRP",0.006815,"2017-01-11T23:00:00.000Z"
"XRP",0.006543,"2017-01-12T23:00:00.000Z"
"XRP",0.006359,"2017-01-13T23:00:00.000Z"
"XRP",0.006681,"2017-01-14T23:00:00.000Z"
"XRP",0.00686,"2017-01-15T23:00:00.000Z"
"XRP",0.006828,"2017-01-16T23:00:00.000Z"
"XRP",0.00677,"2017-01-17T23:00:00.000Z"
"XRP",0.00683,"2017-01-18T23:00:00.000Z"
"XRP",0.0068,"2017-01-19T23:00:00.000Z"
"XRP",0.00684,"2017-01-20T23:00:00.000Z"
"XRP",0.0066,"2017-01-21T23:00:00.000Z"
"XRP",0.00684,"2017-01-22T23:00:00.000Z"
"XRP",0.006723,"2017-01-23T23:00:00.000Z"
"XRP",0.00669,"2017-01-24T23:00:00.000Z"
"XRP",0.0065,"2017-01-25T23:00:00.000Z"
"XRP",0.00649,"2017-01-26T23:00:00.000Z"
"XRP",0.0063,"2017-01-27T23:00:00.000Z"
"XRP",0.00636,"2017-01-28T23:00:00.000Z"
"XRP",0.006294,"2017-01-29T23:00:00.000Z"
"XRP",0.006357,"2017-01-30T23:00:00.000Z"
"XRP",0.006364,"2017-01-31T23:00:00.000Z"
"XRP",0.00641,"2017-02-01T23:00:00.000Z"
"XRP",0.00649,"2017-02-02T23:00:00.000Z"
"XRP",0.0064,"2017-02-03T23:00:00.000Z"
"XRP",0.00638,"2017-02-04T23:00:00.000Z"
"XRP",0.006398,"2017-02-05T23:00:00.000Z"
"XRP",0.00629,"2017-02-06T23:00:00.000Z"
"XRP",0.006374,"2017-02-07T23:00:00.000Z"
"XRP",0.00641,"2017-02-08T23:00:00.000Z"
"XRP",0.00635,"2017-02-09T23:00:00.000Z"
"XRP",0.00628,"2017-02-10T23:00:00.000Z"
"XRP",0.00631,"2017-02-11T23:00:00.000Z"
"XRP",0.00635,"2017-02-12T23:00:00.000Z"
"XRP",0.006248,"2017-02-13T23:00:00.000Z"
"XRP",0.00624,"2017-02-14T23:00:00.000Z"
"XRP",0.00622,"2017-02-15T23:00:00.000Z"
"XRP",0.0061,"2017-02-16T23:00:00.000Z"
"XRP",0.00593,"2017-02-17T23:00:00.000Z"
"XRP",0.00587,"2017-02-18T23:00:00.000Z"
"XRP",0.00554,"2017-02-19T23:00:00.000Z"
"XRP",0.00591,"2017-02-20T23:00:00.000Z"
"XRP",0.00596,"2017-02-21T23:00:00.000Z"
"XRP",0.00585,"2017-02-22T23:00:00.000Z"
"XRP",0.00583,"2017-02-23T23:00:00.000Z"
"XRP",0.00585,"2017-02-24T23:00:00.000Z"
"XRP",0.0056,"2017-02-25T23:00:00.000Z"
"XRP",0.005665,"2017-02-26T23:00:00.000Z"
"XRP",0.00561,"2017-02-27T23:00:00.000Z"
"XRP",0.00556,"2017-02-28T23:00:00.000Z"
"XRP",0.00557,"2017-03-01T23:00:00.000Z"
"XRP",0.00539,"2017-03-02T23:00:00.000Z"
"XRP",0.00606,"2017-03-03T23:00:00.000Z"
"XRP",0.00649,"2017-03-04T23:00:00.000Z"
"XRP",0.0062,"2017-03-05T23:00:00.000Z"
"XRP",0.00604,"2017-03-06T23:00:00.000Z"
"XRP",0.00604,"2017-03-07T23:00:00.000Z"
"XRP",0.00673,"2017-03-08T23:00:00.000Z"
"XRP",0.0065,"2017-03-09T23:00:00.000Z"
"XRP",0.00648,"2017-03-10T23:00:00.000Z"
"XRP",0.00617,"2017-03-11T23:00:00.000Z"
"XRP",0.00625,"2017-03-12T23:00:00.000Z"
"XRP",0.00632,"2017-03-13T23:00:00.000Z"
"XRP",0.00644,"2017-03-14T23:00:00.000Z"
"XRP",0.00639,"2017-03-15T23:00:00.000Z"
"XRP",0.00625,"2017-03-16T23:00:00.000Z"
"XRP",0.0063,"2017-03-17T23:00:00.000Z"
"XRP",0.00597,"2017-03-18T23:00:00.000Z"
"XRP",0.00688,"2017-03-19T23:00:00.000Z"
"XRP",0.00669,"2017-03-20T23:00:00.000Z"
"XRP",0.0069,"2017-03-21T23:00:00.000Z"
"XRP",0.00682,"2017-03-22T23:00:00.000Z"
"XRP",0.00719,"2017-03-23T23:00:00.000Z"
"XRP",0.011,"2017-03-24T23:00:00.000Z"
"XRP",0.01062,"2017-03-25T23:00:00.000Z"
"XRP",0.00888,"2017-03-26T22:00:00.000Z"
"XRP",0.00937,"2017-03-27T22:00:00.000Z"
"XRP",0.00943,"2017-03-28T22:00:00.000Z"
"XRP",0.00955,"2017-03-29T22:00:00.000Z"
"XRP",0.01015,"2017-03-30T22:00:00.000Z"
"XRP",0.01383,"2017-03-31T22:00:00.000Z"
"XRP",0.0214,"2017-04-01T22:00:00.000Z"
"XRP",0.022,"2017-04-02T22:00:00.000Z"
"XRP",0.0615,"2017-04-03T22:00:00.000Z"
"XRP",0.03201,"2017-04-04T22:00:00.000Z"
"XRP",0.03787,"2017-04-05T22:00:00.000Z"
"XRP",0.03559,"2017-04-06T22:00:00.000Z"
"XRP",0.0332,"2017-04-07T22:00:00.000Z"
"XRP",0.03715,"2017-04-08T22:00:00.000Z"
"XRP",0.03575,"2017-04-09T22:00:00.000Z"
"XRP",0.03421,"2017-04-10T22:00:00.000Z"
"XRP",0.03404,"2017-04-11T22:00:00.000Z"
"XRP",0.03316,"2017-04-12T22:00:00.000Z"
"XRP",0.03455,"2017-04-13T22:00:00.000Z"
"XRP",0.03422,"2017-04-14T22:00:00.000Z"
"XRP",0.03348,"2017-04-15T22:00:00.000Z"
"XRP",0.03381,"2017-04-16T22:00:00.000Z"
"XRP",0.03306,"2017-04-17T22:00:00.000Z"
"XRP",0.03333,"2017-04-18T22:00:00.000Z"
"XRP",0.03281,"2017-04-19T22:00:00.000Z"
"XRP",0.03035,"2017-04-20T22:00:00.000Z"
"XRP",0.02999,"2017-04-21T22:00:00.000Z"
"XRP",0.03355,"2017-04-22T22:00:00.000Z"
"XRP",0.0316,"2017-04-23T22:00:00.000Z"
"XRP",0.03141,"2017-04-24T22:00:00.000Z"
"XRP",0.03151,"2017-04-25T22:00:00.000Z"
"XRP",0.03224,"2017-04-26T22:00:00.000Z"
"XRP",0.03275,"2017-04-27T22:00:00.000Z"
"XRP",0.03523,"2017-04-28T22:00:00.000Z"
"XRP",0.045,"2017-04-29T22:00:00.000Z"
"XRP",0.05383,"2017-04-30T22:00:00.000Z"
"XRP",0.05218,"2017-05-01T22:00:00.000Z"
"XRP",0.05383,"2017-05-02T22:00:00.000Z"
"XRP",0.05382,"2017-05-03T22:00:00.000Z"
"XRP",0.06108,"2017-05-04T22:00:00.000Z"
"XRP",0.08,"2017-05-05T22:00:00.000Z"
"XRP",0.09139,"2017-05-06T22:00:00.000Z"
"XRP",0.1001,"2017-05-07T22:00:00.000Z"
"XRP",0.1391,"2017-05-08T22:00:00.000Z"
"XRP",0.1917,"2017-05-09T22:00:00.000Z"
"XRP",0.1564,"2017-05-10T22:00:00.000Z"
"XRP",0.187,"2017-05-11T22:00:00.000Z"
"XRP",0.1837,"2017-05-12T22:00:00.000Z"
"XRP",0.2069,"2017-05-13T22:00:00.000Z"
"XRP",0.2102,"2017-05-14T22:00:00.000Z"
"XRP",0.2171,"2017-05-15T22:00:00.000Z"
"XRP",0.2631,"2017-05-16T22:00:00.000Z"
"XRP",0.325,"2017-05-17T22:00:00.000Z"
"XRP",0.375,"2017-05-18T22:00:00.000Z"
"XRP",0.3575,"2017-05-19T22:00:00.000Z"
"XRP",0.3224,"2017-05-20T22:00:00.000Z"
"XRP",0.3449,"2017-05-21T22:00:00.000Z"
"XRP",0.324,"2017-05-22T22:00:00.000Z"
"XRP",0.2988,"2017-05-23T22:00:00.000Z"
"XRP",0.3229,"2017-05-24T22:00:00.000Z"
"XRP",0.29,"2017-05-25T22:00:00.000Z"
"XRP",0.24,"2017-05-26T22:00:00.000Z"
"XRP",0.276,"2017-05-27T22:00:00.000Z"
"XRP",0.21,"2017-05-28T22:00:00.000Z"
"XRP",0.2281,"2017-05-29T22:00:00.000Z"
"XRP",0.2324,"2017-05-30T22:00:00.000Z"
"XRP",0.2042,"2017-05-31T22:00:00.000Z"
"XRP",0.2475,"2017-06-01T22:00:00.000Z"
"XRP",0.3364,"2017-06-02T22:00:00.000Z"
"XRP",0.2959,"2017-06-03T22:00:00.000Z"
"XRP",0.2921,"2017-06-04T22:00:00.000Z"
"XRP",0.2941,"2017-06-05T22:00:00.000Z"
"XRP",0.2888,"2017-06-06T22:00:00.000Z"
"XRP",0.284,"2017-06-07T22:00:00.000Z"
"XRP",0.2762,"2017-06-08T22:00:00.000Z"
"XRP",0.2869,"2017-06-09T22:00:00.000Z"
"XRP",0.2814,"2017-06-10T22:00:00.000Z"
"XRP",0.2598,"2017-06-11T22:00:00.000Z"
"XRP",0.2701,"2017-06-12T22:00:00.000Z"
"XRP",0.2467,"2017-06-13T22:00:00.000Z"
"XRP",0.2626,"2017-06-14T22:00:00.000Z"
"XRP",0.2623,"2017-06-15T22:00:00.000Z"
"XRP",0.245,"2017-06-16T22:00:00.000Z"
"XRP",0.2506,"2017-06-17T22:00:00.000Z"
"XRP",0.2597,"2017-06-18T22:00:00.000Z"
"XRP",0.2651,"2017-06-19T22:00:00.000Z"
"XRP",0.281,"2017-06-20T22:00:00.000Z"
"XRP",0.308,"2017-06-21T22:00:00.000Z"
"XRP",0.2726,"2017-06-22T22:00:00.000Z"
"XRP",0.2779,"2017-06-23T22:00:00.000Z"
"XRP",0.2916,"2017-06-24T22:00:00.000Z"
"XRP",0.2775,"2017-06-25T22:00:00.000Z"
"XRP",0.2577,"2017-06-26T22:00:00.000Z"
"XRP",0.2461,"2017-06-27T22:00:00.000Z"
"XRP",0.2618,"2017-06-28T22:00:00.000Z"
"XRP",0.2686,"2017-06-29T22:00:00.000Z"
"XRP",0.2561,"2017-06-30T22:00:00.000Z"
"XRP",0.2466,"2017-07-01T22:00:00.000Z"
"XRP",0.2386,"2017-07-02T22:00:00.000Z"
"XRP",0.2537,"2017-07-03T22:00:00.000Z"
"XRP",0.2523,"2017-07-04T22:00:00.000Z"
"XRP",0.2473,"2017-07-05T22:00:00.000Z"
"XRP",0.252,"2017-07-06T22:00:00.000Z"
"XRP",0.2506,"2017-07-07T22:00:00.000Z"
"XRP",0.2303,"2017-07-08T22:00:00.000Z"
"XRP",0.23,"2017-07-09T22:00:00.000Z"
"XRP",0.2261,"2017-07-10T22:00:00.000Z"
"XRP",0.1883,"2017-07-11T22:00:00.000Z"
"XRP",0.1778,"2017-07-12T22:00:00.000Z"
"XRP",0.1958,"2017-07-13T22:00:00.000Z"
"XRP",0.1925,"2017-07-14T22:00:00.000Z"
"XRP",0.1843,"2017-07-15T22:00:00.000Z"
"XRP",0.172,"2017-07-16T22:00:00.000Z"
"XRP",0.1461,"2017-07-17T22:00:00.000Z"
"XRP",0.1723,"2017-07-18T22:00:00.000Z"
"XRP",0.1788,"2017-07-19T22:00:00.000Z"
"XRP",0.163,"2017-07-20T22:00:00.000Z"
"XRP",0.1925,"2017-07-21T22:00:00.000Z"
"XRP",0.1835,"2017-07-22T22:00:00.000Z"
"XRP",0.1977,"2017-07-23T22:00:00.000Z"
"XRP",0.1966,"2017-07-24T22:00:00.000Z"
"XRP",0.1915,"2017-07-25T22:00:00.000Z"
"XRP",0.1744,"2017-07-26T22:00:00.000Z"
"XRP",0.1723,"2017-07-27T22:00:00.000Z"
"XRP",0.1725,"2017-07-28T22:00:00.000Z"
"XRP",0.1633,"2017-07-29T22:00:00.000Z"
"XRP",0.169,"2017-07-30T22:00:00.000Z"
"XRP",0.1633,"2017-07-31T22:00:00.000Z"
"XRP",0.1648,"2017-08-01T22:00:00.000Z"
"XRP",0.1776,"2017-08-02T22:00:00.000Z"
"XRP",0.1709,"2017-08-03T22:00:00.000Z"
"XRP",0.1748,"2017-08-04T22:00:00.000Z"
"XRP",0.1744,"2017-08-05T22:00:00.000Z"
"XRP",0.1848,"2017-08-06T22:00:00.000Z"
"XRP",0.1802,"2017-08-07T22:00:00.000Z"
"XRP",0.1782,"2017-08-08T22:00:00.000Z"
"XRP",0.1967,"2017-08-09T22:00:00.000Z"
"XRP",0.1841,"2017-08-10T22:00:00.000Z"
"XRP",0.1809,"2017-08-11T22:00:00.000Z"
"XRP",0.1778,"2017-08-12T22:00:00.000Z"
"XRP",0.1716,"2017-08-13T22:00:00.000Z"
"XRP",0.1657,"2017-08-14T22:00:00.000Z"
"XRP",0.1683,"2017-08-15T22:00:00.000Z"
"XRP",0.1577,"2017-08-16T22:00:00.000Z"
"XRP",0.1603,"2017-08-17T22:00:00.000Z"
"XRP",0.1578,"2017-08-18T22:00:00.000Z"
"XRP",0.1569,"2017-08-19T22:00:00.000Z"
"XRP",0.1526,"2017-08-20T22:00:00.000Z"
"XRP",0.1587,"2017-08-21T22:00:00.000Z"
"XRP",0.1958,"2017-08-22T22:00:00.000Z"
"XRP",0.2421,"2017-08-23T22:00:00.000Z"
"XRP",0.2457,"2017-08-24T22:00:00.000Z"
"XRP",0.2173,"2017-08-25T22:00:00.000Z"
"XRP",0.2167,"2017-08-26T22:00:00.000Z"
"XRP",0.2097,"2017-08-27T22:00:00.000Z"
"XRP",0.2017,"2017-08-28T22:00:00.000Z"
"XRP",0.2252,"2017-08-29T22:00:00.000Z"
"XRP",0.2199,"2017-08-30T22:00:00.000Z"
"XRP",0.2319,"2017-08-31T22:00:00.000Z"
"XRP",0.2593,"2017-09-01T22:00:00.000Z"
"XRP",0.2529,"2017-09-02T22:00:00.000Z"
"XRP",0.2252,"2017-09-03T22:00:00.000Z"
"XRP",0.2303,"2017-09-04T22:00:00.000Z"
"XRP",0.2045,"2017-09-05T22:00:00.000Z"
"XRP",0.2168,"2017-09-06T22:00:00.000Z"
"XRP",0.2314,"2017-09-07T22:00:00.000Z"
"XRP",0.2271,"2017-09-08T22:00:00.000Z"
"XRP",0.2122,"2017-09-09T22:00:00.000Z"
"XRP",0.213,"2017-09-10T22:00:00.000Z"
"XRP",0.2173,"2017-09-11T22:00:00.000Z"
"XRP",0.2143,"2017-09-12T22:00:00.000Z"
"XRP",0.2095,"2017-09-13T22:00:00.000Z"
"XRP",0.1983,"2017-09-14T22:00:00.000Z"
"XRP",0.1711,"2017-09-15T22:00:00.000Z"
"XRP",0.1846,"2017-09-16T22:00:00.000Z"
"XRP",0.1828,"2017-09-17T22:00:00.000Z"
"XRP",0.1814,"2017-09-18T22:00:00.000Z"
"XRP",0.1933,"2017-09-19T22:00:00.000Z"
"XRP",0.1848,"2017-09-20T22:00:00.000Z"
"XRP",0.1817,"2017-09-21T22:00:00.000Z"
"XRP",0.171,"2017-09-22T22:00:00.000Z"
"XRP",0.1728,"2017-09-23T22:00:00.000Z"
"XRP",0.1791,"2017-09-24T22:00:00.000Z"
"XRP",0.1757,"2017-09-25T22:00:00.000Z"
"XRP",0.1846,"2017-09-26T22:00:00.000Z"
"XRP",0.1892,"2017-09-27T22:00:00.000Z"
"XRP",0.2099,"2017-09-28T22:00:00.000Z"
"XRP",0.2023,"2017-09-29T22:00:00.000Z"
"XRP",0.1967,"2017-09-30T22:00:00.000Z"
"XRP",0.1999,"2017-10-01T22:00:00.000Z"
"XRP",0.2083,"2017-10-02T22:00:00.000Z"
"XRP",0.2031,"2017-10-03T22:00:00.000Z"
"XRP",0.2033,"2017-10-04T22:00:00.000Z"
"XRP",0.2135,"2017-10-05T22:00:00.000Z"
"XRP",0.238,"2017-10-06T22:00:00.000Z"
"XRP",0.2334,"2017-10-07T22:00:00.000Z"
"XRP",0.2397,"2017-10-08T22:00:00.000Z"
"XRP",0.2799,"2017-10-09T22:00:00.000Z"
"XRP",0.2501,"2017-10-10T22:00:00.000Z"
"XRP",0.2582,"2017-10-11T22:00:00.000Z"
"XRP",0.2632,"2017-10-12T22:00:00.000Z"
"XRP",0.2464,"2017-10-13T22:00:00.000Z"
"XRP",0.2602,"2017-10-14T22:00:00.000Z"
"XRP",0.2556,"2017-10-15T22:00:00.000Z"
"XRP",0.2652,"2017-10-16T22:00:00.000Z"
"XRP",0.2579,"2017-10-17T22:00:00.000Z"
"XRP",0.2295,"2017-10-18T22:00:00.000Z"
"XRP",0.217,"2017-10-19T22:00:00.000Z"
"XRP",0.2139,"2017-10-20T22:00:00.000Z"
"XRP",0.2082,"2017-10-21T22:00:00.000Z"
"XRP",0.2097,"2017-10-22T22:00:00.000Z"
"XRP",0.2014,"2017-10-23T22:00:00.000Z"
"XRP",0.1917,"2017-10-24T22:00:00.000Z"
"XRP",0.2038,"2017-10-25T22:00:00.000Z"
"XRP",0.2023,"2017-10-26T22:00:00.000Z"
"XRP",0.2019,"2017-10-27T22:00:00.000Z"
"XRP",0.2001,"2017-10-28T22:00:00.000Z"
"XRP",0.1982,"2017-10-29T23:00:00.000Z"
"XRP",0.2015,"2017-10-30T23:00:00.000Z"
"XRP",0.2024,"2017-10-31T23:00:00.000Z"
"XRP",0.1975,"2017-11-01T23:00:00.000Z"
"XRP",0.1903,"2017-11-02T23:00:00.000Z"
"XRP",0.2003,"2017-11-03T23:00:00.000Z"
"XRP",0.2059,"2017-11-03T23:00:00.000Z"